{
  "info_geral": {
    "data_execucao": "2025-10-28 11:02:59",
    "n_observacoes": 36,
    "periodo": "2022-2024",
    "variavel_target": "ocor_atend",
    "overdispersion_ratio": 542.9496480443216
  },
  "dados_originais": {
    "y_obs": [
      15523,
      14866,
      13207,
      16317,
      13151,
      25459,
      17875,
      16484,
      13986,
      17677,
      15078,
      12555,
      16647,
      15103,
      13008,
      15672,
      14615,
      12867,
      15913,
      14460,
      12995,
      17413,
      15181,
      13734,
      16478,
      13667,
      8014,
      16877,
      13590,
      10734,
      15207,
      12976,
      10235,
      15578,
      12822,
      11091
    ],
    "meses": [
      "Jan",
      "Fev",
      "Mar",
      "Abr",
      "Mai",
      "Jun",
      "Jul",
      "Ago",
      "Set",
      "Out",
      "Nov",
      "Dez"
    ],
    "estatisticas_basicas": {
      "media": 14640.416666666666,
      "mediana": 14740.5,
      "std": 2819.3987083044653,
      "min": 8014.0,
      "max": 25459.0
    }
  },
  "power_prior_params": {
    "alpha_prior": 258419.99999999997,
    "beta_prior": 16.799999999999997,
    "power_weight": 0.7,
    "dados_historicos_count": 24,
    "dados_2024_count": 12
  },
  "modelos": {
    "poisson": {
      "nome": "Poisson com Power Prior",
      "status": "Inadequado - Overdispersion",
      "parametros": {
        "lambda_rate": {
          "media": 14876.690286510262,
          "mediana": 14876.863258415311,
          "std": 16.843579630225136,
          "hdi_2_5": 14843.343118394674,
          "hdi_97_5": 14909.325961091805
        }
      },
      "diagnosticos": {
        "rhat_ok": true,
        "ess_ok": true,
        "convergencia": "Perfeita"
      },
      "validacao": {
        "rmse": 2828.8072402878274,
        "cobertura_ic95": 0.08333333333333333,
        "pontos_dentro_ic": 3,
        "total_pontos": 36
      },
      "predicoes": {
        "y_pred_mean": [
          14877.23975,
          14877.0132,
          14877.2353,
          14876.4506,
          14874.5294,
          14877.5413,
          14878.61985,
          14875.7665,
          14875.02525,
          14877.6196,
          14876.1618,
          14876.0069,
          14878.43385,
          14877.54855,
          14876.4639,
          14876.62405,
          14876.06915,
          14877.26165,
          14875.9871,
          14877.3746,
          14875.04705,
          14875.98155,
          14874.84695,
          14875.95025,
          14877.9051,
          14877.1984,
          14875.3954,
          14876.2419,
          14877.1973,
          14876.10955,
          14876.42635,
          14876.1648,
          14875.34765,
          14877.518,
          14877.1999,
          14875.19785
        ],
        "y_pred_lower": [
          14634.0,
          14636.0,
          14638.0,
          14634.0,
          14633.0,
          14639.0,
          14641.0,
          14634.975,
          14636.0,
          14636.0,
          14633.0,
          14633.0,
          14636.0,
          14638.0,
          14636.0,
          14634.0,
          14632.0,
          14633.0,
          14631.975,
          14639.0,
          14635.0,
          14635.0,
          14635.0,
          14632.0,
          14636.0,
          14640.0,
          14634.0,
          14634.975,
          14635.0,
          14637.0,
          14638.0,
          14637.0,
          14638.0,
          14637.0,
          14636.0,
          14633.0
        ],
        "y_pred_upper": [
          15118.0,
          15120.0,
          15119.0,
          15119.0,
          15114.0,
          15120.0,
          15121.0,
          15118.0,
          15119.0,
          15119.0,
          15120.0,
          15119.0,
          15119.0,
          15120.0,
          15119.0,
          15118.0,
          15118.0,
          15123.0,
          15118.0,
          15118.0,
          15114.0,
          15118.0,
          15113.024999999998,
          15119.0,
          15123.024999999998,
          15112.0,
          15118.0,
          15116.0,
          15118.0,
          15116.0,
          15118.024999999998,
          15118.0,
          15118.0,
          15117.0,
          15121.0,
          15120.0
        ]
      }
    },
    "negative_binomial": {
      "nome": "Negative Binomial com Power Prior",
      "status": "Adequado - Corrige Overdispersion",
      "parametros": {
        "mu_nb": {
          "media": 15380.933314261805,
          "mediana": 15380.748495237385,
          "std": 30.387940917140092,
          "hdi_2_5": 15321.861745087597,
          "hdi_97_5": 15441.017679892866
        },
        "alpha_nb": {
          "media": 11.398914646139843,
          "mediana": 11.21128584828487,
          "std": 2.574692766566238,
          "hdi_2_5": 6.949119925375433,
          "hdi_97_5": 16.994893724200203
        }
      },
      "diagnosticos": {
        "rhat_ok": true,
        "ess_ok": true,
        "convergencia": "Perfeita"
      },
      "validacao": {
        "rmse": 2909.198930212858,
        "cobertura_ic95": 1.0,
        "pontos_dentro_ic": 36,
        "total_pontos": 36
      },
      "predicoes": {
        "y_pred_mean": [
          15323.68975,
          15382.58045,
          15348.917,
          15382.2263,
          15389.9389,
          15387.60605,
          15392.94285,
          15348.3264,
          15386.63855,
          15379.17505,
          15373.29655,
          15339.28045,
          15401.22475,
          15405.67045,
          15361.7897,
          15428.9712,
          15366.7874,
          15369.28025,
          15382.71795,
          15336.3722,
          15392.77715,
          15381.76995,
          15416.86825,
          15347.93185,
          15383.1176,
          15358.89025,
          15387.5563,
          15447.37285,
          15322.1087,
          15354.8832,
          15341.98825,
          15444.5603,
          15369.0735,
          15431.11725,
          15385.5979,
          15379.62085
        ],
        "y_pred_lower": [
          7429.95,
          7544.95,
          7568.975,
          7510.8,
          7576.95,
          7653.0,
          7533.0,
          7514.925,
          7564.825,
          7554.875,
          7448.975,
          7529.8,
          7471.975,
          7618.0,
          7577.975,
          7624.975,
          7545.975,
          7591.975,
          7636.975,
          7476.975,
          7527.975,
          7479.925,
          7666.85,
          7562.0,
          7640.925,
          7597.875,
          7539.9,
          7624.975,
          7560.0,
          7558.925,
          7401.925,
          7608.925,
          7545.975,
          7590.925,
          7636.975,
          7536.85
        ],
        "y_pred_upper": [
          25631.199999999983,
          25653.049999999996,
          25600.32499999997,
          25882.0,
          25960.024999999998,
          26003.09999999999,
          25888.299999999974,
          25808.049999999996,
          25921.049999999996,
          26027.049999999996,
          25885.12499999999,
          25765.049999999996,
          25925.049999999996,
          25872.09999999999,
          25710.024999999998,
          25813.049999999996,
          25933.249999999978,
          25733.149999999987,
          25770.274999999976,
          25711.32499999997,
          25637.424999999963,
          25852.12499999999,
          25803.299999999974,
          25522.149999999987,
          25959.09999999999,
          25920.024999999998,
          25863.149999999987,
          25878.149999999987,
          25800.44999999996,
          25748.024999999998,
          25713.049999999996,
          25868.22499999998,
          25718.199999999983,
          25815.149999999987,
          25718.049999999996,
          25852.149999999987
        ]
      }
    },
    "hierarquico": {
      "nome": "Poisson Hierárquico",